{
  "items": [
    {
      "postedby": 0,
      "title": "Mango",
      "category": "fruit",
      "desc": "Mangoes are juicy stone fruit from numerous species of tropical trees belonging to the flowering plant genus Mangifera, cultivated mostly for their edible fruit. The majority of these species are found in nature as wild mangoes.",
      "like": 0,
      "deslike": 0,
      "fav": [],
      "id": 0
    },
    {
      "postedby": 1,
      "title": "Cricket",
      "category": "Game",
      "desc": "Cricket is a bat-and-ball game played between two teams of eleven players each on a cricket field, at the centre of which is a rectangular 22-yard-long pitch with a target called the wicket (a set of three wooden stumps topped by two bails) at each end. Each phase of play is called an innings during which one team bats, attempting to score as many runs as possible, whilst their opponents field. Depending on the type of match, the teams have one or two innings apiece and, when the first innings ends, the teams swap roles for the next innings.",
      "like": 0,
      "deslike": 0,
      "fav": [],
      "id": 1
    },
    {
      "postedby": 2,
      "title": "Facebook",
      "category": "Social Media",
      "desc": "Facebook is an American for-profit corporation and an online social media and social networking service based in Menlo Park, California. The Facebook website was launched on February 4, 2004, by Mark Zuckerberg, along with fellow Harvard College students and roommates, Eduardo Saverin, Andrew McCollum, Dustin Moskovitz, and Chris Hughes.",
      "like": 0,
      "deslike": 0,
      "fav": [],
      "id": 2
    },
    {
      "postedby": 2,
      "title": "WhatsApp",
      "category": "Social Media",
      "desc": "WhatsApp Messenger is a freeware and cross-platform instant messaging and Voice over IP (VoIP) service.[45] The application allows the sending of text messages and voice calls, as well as video calls, images and other media, documents, and user location.[46][47] The service uses standard cellular mobile numbers and the application runs from a mobile device, though it is also accessible from desktop computers. Originally users could only communicate with other users individually or in groups of individual users, but in September 2017 WhatsApp announced a forthcoming business platform which will enable companies to provide customer service to users at scale.",
      "like": 0,
      "deslike": 0,
      "fav": [],
      "id": 3
    },
    {
      "title": "Thor: Ragnarok",
      "category": "Movie",
      "desc": "Thor: Ragnarok is a 2017 American superhero film based on the Marvel Comics character Thor, produced by Marvel Studios and distributed by Walt Disney Studios Motion Pictures. It is the sequel to 2011's Thor and 2013's Thor: The Dark World, and is the seventeenth film of the Marvel Cinematic Universe (MCU). The film is directed by Taika Waititi from a screenplay by Eric Pearson and the writing team of Craig Kyle and Christopher Yost, and stars Chris Hemsworth as Thor alongside Tom Hiddleston, Cate Blanchett, Idris Elba, Jeff Goldblum, Tessa Thompson, Karl Urban, Mark Ruffalo, and Anthony Hopkins. In Thor: Ragnarok, Thor must escape the alien planet Sakaar in time to save Asgard from Hela and the impending Ragnarök.",
      "like": 0,
      "deslike": 0,
      "postedby": 0,
      "fav": [],
      "id": 7
    },
    {
      "postedby": 1,
      "title": "3 Idiots",
      "category": "Movie",
      "desc": "3 Idiots is a 2009 Indian coming-of-age comedy-drama film, directed and written by Rajkumar Hirani, and produced by Vidhu Vinod Chopra, with screenplay by Abhijat Joshi. It was inspired by the novel Five Point Someone by Chetan Bhagat.[3] The film stars Aamir Khan, R. Madhavan, Sharman Joshi, Kareena Kapoor, Boman Irani, Omi Vaidya, and Parikshit Sahni.",
      "like": 0,
      "deslike": 0,
      "fav": [],
      "id": 1
    },
    {
      "postedby": 0,
      "title": "Harry Potter",
      "category": "Movie",
      "desc": "Harry Potter is a series of fantasy novels written by British author J. K. Rowling. The novels chronicle the life of a young wizard, Harry Potter, and his friends Hermione Granger and Ron Weasley, all of whom are students at Hogwarts School of Witchcraft and Wizardry. The main story arc concerns Harry's struggle against Lord Voldemort, a dark wizard who intends to become immortal, overthrow the wizard governing body known as the Ministry of Magic, and subjugate all wizards and muggles, a reference term that means non-magical people.",
      "like": 0,
      "deslike": 0,
      "fav": [],
      "id": 1
    },
    {
      "postedby": 0,
      "title": "Football",
      "category": "Game",
      "desc": "Football is a family of team sports that involve, to varying degrees, kicking a ball with the foot to score a goal. Unqualified, the word football is understood to refer to whichever form of football is the most popular in the regional context in which the word appears. Sports commonly called 'football' in certain places include: association football (known as soccer in some countries); gridiron football (specifically American football or Canadian football); Australian rules football; rugby football (either rugby league or rugby union); and Gaelic football.[1][2] These different variations of football are known as football codes.",
      "like": 0,
      "deslike": 0,
      "fav": [],
      "id": 1
    }
  ],
  "Users": [
    {
      "id": 0,
      "userName": "priya",
      "password": "priya"
    },
    {
      "id": 1,
      "userName": "admin",
      "password": "admin"
    },
    {
      "id": 2,
      "userName": "abc",
      "password": "abc"
    }
  ]
}